"image_id","pred_caption"
"000000230707.jpg","Hình ảnh một con gấu bông cao cổ trong giỏ ."
"000000078466.jpg","Lễ hội thả diều đang diễn ra trên bãi biển ."
"000000581096.jpg","Một nữ vận động viên tennis đang giơ vợt lên cao để chuẩn bị đánh ."
"000000261477.jpg","Những con mèo và chó đang chơi đùa với nhau ở trên sân ."
"000000238712.jpg","Hai người phụ nữ đang chơi tennis ở trên sân ."
"000000364934.jpg","Những con mèo đang cùng nhau thả diều trên bãi cỏ ."
"000000125769.jpg","Gấu đen đứng lên trên một tảng đá trong một khu vườn thú ."
"000000102225.jpg","Gấu đen đứng lên trên một tảng đá trong khi gấu trắng đang giữ quả bóng ."
"000000484186.jpg","Hình ảnh trận bóng chày đang diễn ra với quả bóng đang bay trên không ."
"000000348684.jpg","Gấu đen đứng lên trên một tảng đá trong một khu vườn thú ."
"000000298306.jpg","Những đứa trẻ đang chơi với những con voi ở trong vườn ."
"000000443618.jpg","Một hươu cao cổ đang dùng đầu để đỡ quả bóng ."
"000000559053.jpg","Khung cảnh bãi biển đông đúc với những gia đình đang chơi đùa và thả diều ."
"000000146560.jpg","Cầu thủ áo xanh đang nhảy lên để tránh cầu thủ áo xám ."
"000000211283.jpg","Một chú chó đang chơi với một quả bóng đá ."
"000000242453.jpg","Một cô bé đang thả diều ở trên bãi cỏ ."
"000000139095.jpg","Những con mèo đang diều khiển quả bóng để chơi với huấn luyện viên bóng đá ."
"000000178052.jpg","Những cô gái đang chơi bóng đá ở trên sân ."
"000000526968.jpg","Một con mèo ngồi trên bàn phím máy tính với một quả bóng ."
"000000134479.jpg","Một nam vận động viên tennis đang đưa vợt ra để đánh quả bóng tennis ."
"000000161157.jpg","Cô bé đang giơ vợt tennis lên cao để chuẩn bị đánh quả bóng tennis ."
"000000101842.jpg","Một cô bé đang dùng vợt để đánh quả bóng tennis ."
"000000043431.jpg","Hình ảnh trận đấu tennis đang diễn ra trước đông đảo khán giả ."
"000000289684.jpg","Một hươu cao cổ đang chơi với một con hươu cao cổ khác ."
"000000498173.jpg","Hình ảnh một con mèo với một quả bóng và cái vợt tennis ."
"000000545116.jpg","Những đứa trẻ đang chơi với những con hươu cao cổ ở trên sân ."
"000000371648.jpg","Một hươu cao cổ đang dùng vòi để chạm vào quả bóng tennis ."
"000000113857.jpg","Hai vận động viên tennis cùng đội đang thi đấu trên sân ."
"000000274047.jpg","Gấu đen đứng lên trên một tảng đá trong một khu vườn thú ."
"000000406233.jpg","Một con voi đang dùng vòi chạm vào quả bóng ở trong vườn ."
"000000281105.jpg","Một hươu cao cổ đang dùng chân phải để đá quả bóng ."
"000000078225.jpg","Một hươu cao cổ đang chơi với một con hươu cao cổ khác ."
"000000128557.jpg","Một hươu cao cổ đang chơi với một con khác trong số những con voi đang chơi với nhau ."
"000000397292.jpg","Một hươu cao cổ đang chơi với một con hươu cao cổ khác ."
"000000223928.jpg","Một hươu cao cổ đang luyện tập chơi tennis ở trên sân ."
"000000209027.jpg","Một người phụ nữ đang giơ tay lên cao để chuẩn bị đánh quả bóng tennis ."
"000000197195.jpg","Hình ảnh của một cửa hàng bán dù , dù , dù , dù , dù , dù , dù , dù , dù , dù , dù , dù , dù , dù , dù , dù , dù , dù , dù , dù , dù , dù , dù , dù , dù , dù , dù , dù , dù"
"000000563122.jpg","Một nam vận động viên tennis đang chuẩn bị phát bóng ."
"000000234848.jpg","Hình ảnh của một con mèo đang đeo găng tay bóng chày ."
"000000289342.jpg","Những đứa trẻ đang cùng nhau chơi bóng chày ngoài sân dưới chân núi ."
"000000210286.jpg","Gấu bông đang được nhồi bông ở trong cái găng tay ."
"000000185945.jpg","Gấu bông trong hình là một con gấu bông trong một cái giỏ ."
"000000156593.jpg","Gấu bông trong ảnh đang trong tư thế vươn cánh ."
"000000008519.jpg","Gấu đen đứng lên trên một tảng đá trong khi gấu trắng đang giữ quả bóng ."
"000000270740.jpg","Gấu đen đứng lên trên một tảng đá trong một khu vườn thú ."
"000000380482.jpg","Một số nhwuxng nhwuxng nhwuxng nhwuxng nhwuxng nhwuxng nhwuxng nhwuxng nhwuxng nhwuxng nhwuxng nhwuxng nhwuxng nhwuxng nhwuxng nhw"
"000000060904.jpg","Một số người đang thả diều trên bãi cỏ ."
"000000499523.jpg","Một trận thi đấu bóng đá của các cầu thủ nhí đang diễn ra ở trên sân cỏ ."
"000000129722.jpg","Một vận động viên bóng chuyền đang thả diều và một đứa trẻ đang chơi bóng đá ."
"000000398609.jpg","Một cô gái đang đưa vợt ra sau để chuẩn bị đánh quả bóng tennis ."
"000000128963.jpg","Những con mèo đang cùng nhau thả diều trên bãi cỏ ."
"000000070812.jpg","Một đám đông đang thả diều trên bãi cỏ ."
"000000447464.jpg","Những đứa trẻ đang thả diều trên bãi cỏ ."
"000000378521.jpg","Những con voi đang chơi bóng đá cùng với voi ở trên sân ."
"000000568420.jpg","Một hươu cao cổ đang luyện tập chơi tennis ở trên sân ."
"000000519950.jpg","Một hươu cao cổ đang chơi với một con hươu cao cổ khác ."
"000000327217.jpg","Một hươu cao cổ đang chơi với một con hươu cao cổ khác ."
"000000052094.jpg","Một hươu cao cổ đang chơi với một con hươu cao cổ khác ."
"000000473281.jpg","Một hươu cao cổ đang luyện tập chơi tennis ở trên sân ."
"000000173546.jpg","Một hươu cao cổ đang chơi với một con hươu cao cổ khác ."
"000000252036.jpg","Một nam vận động viên tennis đang cầm vợt và đứng ở trên sân ."
"000000510626.jpg","Một con voi đang đưa vòi ra để chạm vào quả bóng ở cạnh hàng rào ."
"000000168833.jpg","Một nữ vận động viên tennis đang giơ vợt lên cao để chuẩn bị đánh ."
"000000197246.jpg","Hai vận động viên tennis đang luyện tập ở trên sân nằm cạnh nhau ở trên sân ."
"000000549804.jpg","Hai vận động viên tennis cùng đội đang cầm vợt tennis đứng trên san ."
"000000029894.jpg","Lễ hội thả diều đang diễn ra trên bãi biển ."
"000000321389.jpg","Một mèo và một chó đang cùng nhau chơi bóng đá ."
"000000007503.jpg","Một hươu cao cổ đang chơi tennis ở trên sân ."
"000000428457.jpg","Gấu đen đứng lên trên một tảng đá trong khi gấu trắng đang giữ quả bóng ."
"000000114954.jpg","Những đứa trẻ đang chơi với một con mèo và quả bóng đá ."
"000000027241.jpg","Gấu đen đứng lên trên một tảng đá trong khi gấu trắng đang giữ quả bóng ."
"000000215077.jpg","Gấu đen đứng lên trên một tảng đá trong khi gấu trắng đang giữ quả bóng ."
"000000318241.jpg","Hai người đàn ông đang chơi tennis ở trên sân ."
"000000102024.jpg","Những cô bé đang di chuyển ở trước khung thành cùng với những quả bóng ."
"000000054868.jpg","Hình ảnh một con gấu bông cao cổ đang chơi một trận tennis ."
"000000315339.jpg","Vận động viên tennis đang cầm vợt đứng trên sân quan sát ."
"000000554301.jpg","Một con voi đang dùng vòi chạm vào quả bóng ở trong vườn ."
"000000241643.jpg","Một hươu cao cổ đang dùng chân phải để đá quả bóng ."
"000000443684.jpg","Khung cảnh bãi biển đông đúc với những gia đình đang chơi đùa và thả diều ."
"000000155823.jpg","Gấu bông trong hình là một con gấu bông trong một cái giỏ ."
"000000411620.jpg","Gấu đen đứng lên trên một tảng đá trong một khu vườn thú ."
"000000258544.jpg","Gấu bông đang được đặt cạnh tranh với quả bóng chày ."
"000000215719.jpg","Một mèo và một chó đang cùng nhau chơi bóng đá ."
"000000193677.jpg","Một bé gái đang thả diều và một bé trai đang học chơi bóng đá ."
"000000257498.jpg","Cô bé và còn mèo đang cùng nhau chơi đá banh ."
"000000512418.jpg","Một hươu cao cổ đang chơi tennis ở trên sân ."
"000000468137.jpg","Hình ảnh một con hươu cao cổ đang trong giai đoạn sinh sản ."
"000000028072.jpg","Những quả bóng được đặt trong lòng những con diều ở trên sân ."
"000000457274.jpg","Hình ảnh một con gấu bông cao cổ đang chơi với một quả bóng ."
"000000413354.jpg","Hình ảnh một con hươu cao cổ đang trong giai đoạn chạy nước rút ."
"000000411443.jpg","Một thanh niên đang dùng vợt để đánh quả bóng tennis ."
"000000448969.jpg","Hình ảnh một con gấu bông cao cổ đang chơi một trò chơi ."
"000000018270.jpg","Những đứa trẻ đang chơi bóng đá cùng với bố mẹ ở trên sân ."
"000000053825.jpg","Hình ảnh trận bóng chày đang diễn ra với quả bóng đang bay trên không ."
"000000118745.jpg","Gấu đen đứng lên trên một tảng đá trong một khu vườn thú ."
"000000223442.jpg","Gấu đen đứng lên trên sân trong khi gấu trắng đang đứng trên cỏ ."
"000000477120.jpg","Gấu đen đứng lên trên một tảng đá trong một khu vườn thú ."
"000000206861.jpg","Hình ảnh một con hươu cao cổ đang trong giai đoạn sinh sản ."
"000000100519.jpg","Hình ảnh một con hươu cao cổ đang trong giai đoạn sinh sản ."
"000000216802.jpg"," mèo đen đang chơi với quả bóng đá ."
"000000486471.jpg","Những cô bé đang thả diều ở trên sân ."
"000000120407.jpg","Gấu đen đứng lên trên một tảng đá trong khi gấu trắng đang giữ quả bóng ."
"000000072850.jpg","Gấu bông đang đứng trên bãi cỏ với quả bóng chày ."
"000000048548.jpg","Gấu đen đứng lên trên một tảng đá trong khi gấu trắng đang giữ quả bóng ."
"000000491053.jpg","Gấu đen đứng lên trên một tảng đá trong một khu vườn thú ."
"000000018290.jpg","Gấu đen đứng lên trên một tảng đá trong một khu vườn thú ."
"000000065518.jpg","Gấu bông đang nằm trong cái găng tay và được đặt trên bàn ."
"000000105075.jpg","Một mèo và một chó đang cùng nhau chơi bóng chày ."
"000000366030.jpg","Hình ảnh một con mèo và một quả bóng đang bay về phía bạn mình ."
"000000299394.jpg","Một số người đang thả diều trên bãi cỏ ."
"000000451184.jpg","Cô bé và còn mèo đang cùng nhau chơi đùa ."
"000000059262.jpg","Hình ảnh một con gấu bông cao cổ đang trong tư thế chuẩn bị giao bóng ."
"000000194975.jpg","Một nữ vận động viên tennis đang giơ vợt lên cao để chuẩn bị đánh ."
"000000087987.jpg","Một cô bé đang thả diều ở trên bãi cỏ ."
"000000234006.jpg","Gấu đen đứng lên trên một tảng đá trong một khu vườn thú ."
"000000463308.jpg","Hình ảnh trận bóng chày đang diễn ra với quả bóng đang bay trên không ."
"000000490336.jpg","Con chó đang ngồi lên đùi của cô bé ở trên ghế ."
"000000058073.jpg","Đây là một con mèo với một quả bóng màu cam ."
"000000362591.jpg","Một đứa trẻ đang quỳ trên ghế ở cạnh ngôi nhà ."
"000000338501.jpg","Hình ảnh của một con mèo đang thả diều trên bãi cỏ ."
"000000207943.jpg","Gấu bông đang đứng trên bãi cỏ với diều ."
"000000384449.jpg","Gấu bông trong ảnh đang trong tư thế chuẩn bị giao bóng ."
"000000434981.jpg","Một con voi đang dùng vòi chạm vào quả bóng ở trong vườn ."
"000000068797.jpg","Những cô bé đang thả diều ở trên sân ."
"000000151777.jpg","Những đứa trẻ đang thả diều ở trong công viên ."
"000000123172.jpg","Những con mèo đang cùng nhau thả diều trên bãi cỏ ."
"000000319031.jpg","Những đứa trẻ đang cùng nhau chơi bóng đá trên giường ."
"000000570629.jpg","Hình ảnh một con hươu cao cổ đang chơi tennis ở trên sân ."
"000000163991.jpg","Khung cảnh bãi biển đông đúc với những gia đình đang chơi đùa và thả diều ."
"000000354846.jpg","Những con voi đang chơi với những quả bóng đá nhỏ ."
"000000168218.jpg","Khung cảnh bãi biển đông đúc với những gia đình đang chơi đùa và thả diều ."
"000000084829.jpg","Những cô bé đang di chuyển ở trên sân để đón bóng ở trên sân ."
"000000075982.jpg","Một hươu cao cổ đang luyện tập chơi tennis ở trên sân đất nện ."
"000000497177.jpg","Gấu đen đứng lên trên một tảng đá trong khi gấu trắng đang giữ quả bóng ."
"000000234616.jpg","Gấu Bắc cực đang chơi với một quả bóng trong khi gấu còn lại chơi với một quả bóng ."
"000000538470.jpg","Gấu đen đứng lên trên một tảng đá trong một khu vườn thú ."
"000000320523.jpg","Hình ảnh trận bóng chày đang diễn ra với quả bóng đang bay trên không ."
"000000045284.jpg","Gấu đen đứng lên trên một tảng đá trong một khu vườn thú ."
"000000467461.jpg","Một hươu cao cổ đang dùng chân phải để đá quả bóng ."
"000000208978.jpg","Vận động viên tennis nữ đang thả diều trên bãi cát ."
"000000164262.jpg","Một con diều bạch tuộc đang bay lơ lửng ở trên cái vợt tennis ."
"000000328743.jpg","Khung cảnh bãi biển đông đúc với những gia đình đang chơi đùa và thả diều ."
"000000360813.jpg","Hình ảnh một con mèo và một quả bóng chày ."
"000000529248.jpg","Gấu đen đứng lên trên một tảng đá trong khi gấu trắng đang giữ quả bóng ."
"000000186611.jpg","Gấu Bắc cực đang chơi với một quả bóng trong khi gấu còn lại chơi với một quả bóng ."
"000000019320.jpg","Quả bóng đang bay về phía gấu và diều ."
"000000418087.jpg","Hình ảnh trận bóng chày đang diễn ra với quả bóng đang bay trên không ."
"000000186109.jpg","Một mèo và một chó đang cùng nhau chơi bóng đá ."
"000000099229.jpg","Những con mèo đang cùng nhau thả diều trên bãi cỏ ."
"000000552116.jpg","Những con mèo đang cùng nhau thả diều trên bãi cỏ ."
"000000162753.jpg","Một số người đang thả diều và một con mèo đang chơi bóng mèo ."
"000000403473.jpg","Những người đàn ông đang thả diều ở trong công viên ."
"000000246980.jpg","Khung cảnh bãi biển đông đúc với những gia đình đang chơi đùa và thả diều ."
"000000068701.jpg","Một chú chó đang chơi với quả bóng ở trên bãi biển ."
"000000230863.jpg","Một trận thi đấu bóng đá của các cầu thủ nhí đang diễn ra ở trên sân ."
"000000159424.jpg"," mèo đen đang đeo găng tay bóng chày tạo dáng chụp hình ."
"000000202914.jpg","Một hươu cao cổ đang luyện tập chơi tennis ở trên sân đất nện ."
"000000546518.jpg","Một nam vận động viên tennis đang đưa vợt ra để đánh quả bóng tennis ."
"000000468626.jpg","Một hươu cao cổ đang dùng vòi để chạm vào quả bóng tennis ."
"000000068367.jpg","Một hươu cao cổ đang luyện tập chơi tennis ở trên sân ."
"000000039467.jpg","Một hươu cao cổ đang nhảy lên để với tới một quả bóng tennis ."
"000000170695.jpg","Những đứa trẻ đang chơi với những con hươu cao cổ ở trên sân ."
"000000167348.jpg","Cô bé đang giơ vợt tennis lên cao để chuẩn bị đánh quả bóng tennis ."
"000000451389.jpg","Hình ảnh của hai người đàn ông đang chơi tennis trên sân ."
"000000373198.jpg","Một số người đang chơi tennis với diều và những quả bóng trong tay ."
"000000134858.jpg","Một hươu cao cổ đang dùng chân phải để khuỵu gối ở trên sân tennis ."
"000000529036.jpg","Một hươu cao cổ đang dùng chân phải để đá quả bóng ."
"000000493110.jpg","Một hươu cao cổ đang chơi với một con hươu cao cổ khác ."
"000000189614.jpg","Một hươu cao cổ đang luyện tập chơi tennis ở trên sân ."
"000000517113.jpg","Hình ảnh trận bóng chày đang diễn ra với quả bóng đang bay trên không ."
"000000272365.jpg","Gấu đen đứng lên trên một tảng đá trong một khu vườn thú ."
"000000155862.jpg","Những đứa trẻ đang chơi với những con hươu cao cổ ở trên sân ."
"000000524118.jpg","Một hươu cao cổ đang nhảy lên để với tới một quả bóng tennis ."
"000000258222.jpg","Nữ vận động viên tennis đang giơ vợt lên cao để chuẩn bị phát bóng ."
"000000346196.jpg","Một hươu cao cổ đang luyện tập chơi tennis ở trên sân ."
"000000220972.jpg","Một hươu cao cổ đang luyện tập chơi tennis ở trên sân ."
"000000279385.jpg","Một hươu cao cổ đang luyện tập chơi tennis ở trên sân ."
"000000468789.jpg","Những đứa trẻ đang chụp ảnh sau khi chơi với những con hươu cao cổ ."
"000000155450.jpg","Những đứa trẻ đang chơi với những con hươu cao cổ ở trên sân ."
"000000360736.jpg","Cô bé đang giơ vợt tennis lên cao để chuẩn bị đánh quả bóng tennis ."
"000000385701.jpg","Lễ hội thả diều đang diễn ra trên bãi biển ."
"000000153204.jpg","Một hươu cao cổ đang chơi với một con hươu cao cổ khác ."
"000000168151.jpg","Gấu bông trong ảnh đang trong tư thế chuẩn bị giao bóng ."
"000000455791.jpg","Một con mèo đang chơi với một quả bóng đá ."
"000000465181.jpg","Gấu bông trong hình là gấu bông trong mô tả của gấu bắc cực ."
"000000020090.jpg","Hình ảnh của một con mèo đang đeo găng tay bóng chày ."
"000000451580.jpg","Khung cảnh bãi biển đông đúc với những gia đình đang chơi đùa và thả diều ."
"000000385114.jpg","Hình ảnh một con gấu bông cao cổ đang chơi với một quả bóng ."
"000000501293.jpg","Những cô gái đang diều khiển con mèo của mình ."
"000000530293.jpg","Khung cảnh bãi biển đông đúc với những gia đình đang chơi đùa và thả diều ."
"000000551936.jpg","Cô bé và còn mèo đang cùng nhau chơi đá banh ."
"000000173482.jpg","Một mèo và một chó đang cùng nhau chơi bóng đá ."
"000000163435.jpg","Những cô bé đang thả diều ở trên bãi cát ."
"000000380325.jpg","Những con mèo đang cùng nhau thả diều trên bãi cỏ ."
"000000162578.jpg","Những cô gái đang diều khiển con mèo của mình ."
"000000015153.jpg","Một hươu cao cổ đang chơi với một con hươu cao cổ khác ."
"000000236385.jpg","Cô bé đang giơ vợt tennis lên cao để chuẩn bị đánh quả bóng tennis ."
"000000103822.jpg","Khung cảnh bãi biển đông đúc với những gia đình đang chơi đùa và thả diều ."
"000000028595.jpg","Một đứa trẻ đang quỳ trên ghế ở trong vườn ."
"000000033840.jpg","Gấu đen đứng lên trên một tảng đá trong một khu vườn thú ."
"000000104689.jpg","Gấu đen đứng lên trên một tảng đá trong một khu vườn thú ."
"000000331474.jpg","Gấu Bắc cực đang chơi với một quả bóng chày ."
"000000413892.jpg","Gấu đen đứng lên trên một tảng đá trong một khu vườn thú ."
"000000265889.jpg","Hình ảnh một con gấu bông cao cổ đang chơi với một quả bóng ."
"000000409165.jpg","Một giỏ hoa đang đặt những quả bóng tennis ở trên những cái vợt ."
"000000483378.jpg","Một hươu cao cổ đang luyện tập chơi tennis ở trên sân ."
"000000377760.jpg","Hình ảnh một con hươu cao cổ đang trong giai đoạn sinh sản ."
"000000405435.jpg","Nữ vận động viên tennis áo trắng đang chuẩn bị đánh quả bóng về phía nữ vận động viên tennis ."
"000000508269.jpg","Một hươu cao cổ đang chơi với một con hươu cao cổ khác ."
"000000543389.jpg","Quả bóng được đặt trên mép của cái vợt tennis màu cam ."
"000000580933.jpg","Gấu bông trong ảnh đang trong tư thế chuẩn bị giao bóng ."
"000000459653.jpg","Gấu bông trong ảnh là gấu bông trong môt bông ."
"000000119693.jpg","Gấu đen đứng lên trên một tảng đá trong khi gấu trắng đang giữ quả bóng ."
"000000269079.jpg","Gấu đen đứng lên trên một tảng đá trong một khu vườn thú ."
"000000058714.jpg","Gấu bông trong ảnh đang trong tư thế chuẩn bị giao bóng ."
"000000133580.jpg","Gấu đen đứng lên trên một tảng đá trong khi gấu trắng đang giữ quả bóng ."
"000000521482.jpg","Một mèo và một chó đang cùng nhau chơi bóng chày ."
"000000429688.jpg","Những con chuột máy tính đang chơi bóng đá trong khi những con chuột khác đang thả diều ."
"000000366329.jpg","Những đứa trẻ của hai đội bóng đang cùng nhau thả diều trên bãi cát ."
"000000580695.jpg","Những cô gái đang diều khiển con mèo của mình ."
"000000237850.jpg","Một vườn hoa nhỏ với đủ các loại hoa đủ màu đang nằm san sát nhau ở trên sân ."
"000000066266.jpg","Một người đàn ông đang thả diều ở trên bãi cỏ ."
"000000115854.jpg","Những con mèo đang cùng nhau thả diều trong công viên ."
"000000326190.jpg","Một con mèo đen trắng đang chơi với một quả bóng đá ."
"000000059489.jpg","Một tay vợt nam trong hành động trên tuyết ."
"000000302168.jpg","Lễ hội thả diều đang diễn ra trong một khu nghỉ dưỡng ven biển ."
"000000531266.jpg","Một chú chó đang chơi với quả bóng ở trên bãi biển ."
"000000444692.jpg","Một cô bé đang ngồi trên bãi cỏ với quả bóng ở trong tay ."
"000000136886.jpg","Một đám diều đang bay lơ lửng trên một bãi cỏ ."
"000000540439.jpg","Những con mèo đang cùng nhau thả diều trên bãi cỏ ."
"000000414868.jpg","Ngời đàn ông đeo kính đang chơi với vợ đưa con đi chơi ."
"000000545493.jpg","Một hươu cao cổ đang chơi với một con hươu cao cổ khác ."
"000000198423.jpg","Hình ảnh một con gấu bông cao cổ đang trong tư thế vận động ."
"000000350339.jpg","Khung cảnh bãi biển đông đúc với những gia đình đang chơi đùa và thả diều ."
"000000048489.jpg","Khung cảnh bãi biển đông đúc với những gia đình đang chơi đùa và thả diều ."
"000000377423.jpg","Khung cảnh bãi biển đông đúc với những gia đình đang chơi đùa và thả diều ."
"000000170040.jpg","Khung cảnh bãi biển đông đúc với những gia đình đang chơi đùa và thả diều ."
"000000041231.jpg","Một đám đông đang thả diều trên bãi cỏ ."
"000000316012.jpg","Khung cảnh bãi biển đông đúc với những gia đình đang chơi đùa và thả diều ."
"000000077602.jpg","Hình ảnh trận bóng chày đang diễn ra với quả bóng đang bay trên không ."
"000000033488.jpg","Hình ảnh trận bóng chày đang diễn ra với một con mèo đang bị vây quanh bởi các cầu thủ bóng chày ."
"000000318733.jpg","Gấu đen đứng lên trên một tảng đá trong một khu vườn thú ."
"000000011107.jpg","Hình ảnh trận bóng chày đang diễn ra với quả bóng đang bay trên không ."
"000000358789.jpg","Gấu đen đứng lên trên một tảng đá trong một khu vườn thú ."
"000000267457.jpg","Hình ảnh của một con mèo đang đeo găng tay bóng chày ."
"000000450800.jpg","Hình ảnh trận bóng chày đang diễn ra với quả bóng đang bay trên không ."
"000000579404.jpg","Gấu đen đứng lên trên một tảng đá trong một khu vườn thú ."
"000000470053.jpg","Gấu đen đứng lên trên một tảng đá trong một khu vườn thú ."
"000000197584.jpg","Gấu bông đang trong tư thế chuẩn bị giao bóng ."
"000000315487.jpg","Một mèo và một chó đang cùng nhau chơi bóng chày ."
"000000061809.jpg","Hình ảnh của một con mèo đang đeo găng tay bóng chày ."
"000000507665.jpg","Hình ảnh trận bóng chày đang diễn ra với quả bóng đang bay trên không ."
"000000023676.jpg","Gấu đen đứng lên trên một tảng đá trong một khu vườn thú ."
"000000327063.jpg","Những đứa trẻ đang chơi với những con hươu cao cổ trong công viên ."
"000000058601.jpg","Một hươu cao cổ đang luyện tập chơi tennis ở trên sân ."
"000000050849.jpg","Một hươu cao cổ đang chơi với một con gấu trong chuồng ."
"000000117941.jpg","Một đứa trẻ đang quỳ trên ghế ở cạnh ngôi nhà ."
"000000217486.jpg","Một con mèo nhồi bông trong một cái giỏ xe đạp ."
"000000325495.jpg","Những con mèo đang cùng nhau chơi với một con chó trên sân cỏ ."
"000000267848.jpg","Một người đàn ông đang thả diều ở trên bãi cỏ ."
"000000341186.jpg","Những con mèo đang cùng nhau thả diều trên bãi cỏ ."
"000000110006.jpg","Cô bé và còn mèo đang cùng nhau chơi đá banh ."
"000000426064.jpg","Một bé mèo đang chơi với quả bóng trong khi một bé đang cầm gậy ."
"000000399971.jpg","Hình ảnh một con gấu bông cao cổ đang chơi một trận tennis ."
"000000249531.jpg","Một vận động viên tennis đang bay người để đánh quả bóng tennis ."
"000000255941.jpg","Những con voi đang chơi bóng đá ở trên sân ."
"000000361291.jpg","Một hươu cao cổ đang trong quá trình trao đổi với một đối thủ khác ."
"000000364135.jpg","Những đứa trẻ đang chơi với những con hươu cao cổ ở trên sân ."
"000000381025.jpg","Một hươu cao cổ đang dùng chân phải để đá quả bóng ."
"000000420005.jpg","Gấu đen đứng lên trên một tảng đá trong một khu vườn thú ."
"000000237129.jpg","Gấu đen đứng lên trên một tảng đá trong một khu vườn thú ."
"000000367982.jpg","Gấu đen đứng lên trên một tảng đá trong một khu vườn thú ."
"000000099476.jpg","Một hươu cao cổ đang chơi với một con khác trong số những con voi đang chơi với nhau ."
"000000068895.jpg","Một hươu cao cổ đang dùng chân phải để đá quả bóng ."
"000000211079.jpg","Một hươu cao cổ đang dùng chân phải để sút quả bóng ."
"000000194600.jpg","Một hươu cao cổ đang chơi với một con khác trong khi một hươu thấp cổ đang chơi với một con khác ."
"000000529303.jpg","Một hươu cao cổ đang chơi với một con khác trong khi một hươu thấp cổ đang chơi với một con khác ."
"000000250941.jpg","Một hươu cao cổ đang chơi với một con khác trong số những con hươu cái đang chơi với nhau ."
"000000203986.jpg","Hình ảnh trận đấu tennis đang diễn ra với quả bóng đang bay trên không ."
"000000207668.jpg","Một con diều đang bay lơ lửng ở trên mặt nước ."
"000000498337.jpg","Gấu bông trong hình là gấu bông màu trắng tuyết ."
"000000002849.jpg","Khung cảnh bãi biển đông đúc với những gia đình đang chơi đùa và thả diều ."
"000000493484.jpg","Gấu đen đứng lên trên một tảng đá trong khi gấu trắng đang giữ quả bóng ."
"000000287831.jpg","Gấu bông đang trong tư thế chuẩn bị giao bóng ."
"000000046981.jpg","Hình ảnh trận bóng chày đang diễn ra với quả bóng đang bay trên không ."
"000000368521.jpg","Gấu bông đang nằm trong găng tay bóng chày và diều ."
"000000154754.jpg","Gấu đen đứng lên trên một tảng đá trong một khu vườn thú ."
"000000329817.jpg","Một mèo và một chó đang cùng nhau chơi bóng đá ."
"000000376165.jpg","Hai mèo đang cùng nhau chơi với quả bóng đá ."
"000000576188.jpg","Hai mèo đang cùng nhau chơi với quả bóng đá ."
"000000199326.jpg","Một mèo và một chó đang cùng nhau chơi bóng đá ."
"000000146294.jpg","Hình ảnh trận đấu tennis đang diễn ra trước đông đảo khán giả ."
"000000377342.jpg","Cô bé và còn mèo đang cùng nhau chơi tennis trên sân ."
"000000408923.jpg","Hình ảnh của hai người đàn ông đang chơi tennis trên sân ."
"000000333749.jpg","Những con hươu cao cổ đang chơi tennis ở trên sân đất nện ."
"000000112793.jpg","Một hươu cao cổ đang luyện tập chơi tennis ở trên sân ."
"000000550049.jpg","Hình ảnh trận đấu tennis đang diễn ra trước đông đảo khán giả ."
"000000028961.jpg","Hình ảnh trận đấu tennis đang diễn ra trước đông đảo khán giả ."
"000000236222.jpg","Những đứa trẻ đang thả diều ở trong công viên ."
"000000026570.jpg","Cô bé và người đàn ông đang cùng mèo chơi bóng đá ngoài sân ."
"000000241305.jpg","Một trận thi đấu tennis đôi nam đang diễn ra ở trên sân ."
"000000535212.jpg","Gấu đen đứng lên trên một tảng đá trong một khu vườn thú ."
"000000403915.jpg","Gấu đen đứng lên trên một tảng đá trong một khu vườn thú ."
"000000260852.jpg","Gấu đen đứng lên trên một tảng đá trong một khu vườn thú ."
"000000108123.jpg","Gấu đen đứng lên trên một tảng đá trong một khu vườn thú ."
"000000550455.jpg","Trên mặt lưới của vợt tennis có một quả bóng màu cam và xanh ."
"000000573360.jpg","Gấu đen đứng lên trên một tảng đá trong một khu vườn thú ."
"000000166386.jpg","Gấu đen đứng lên trên một tảng đá trong khi gấu trắng đang giữ quả bóng ."
"000000327935.jpg","Gấu Bắc cực đang chơi với một quả bóng trong khi gấu còn lại chơi với một quả bóng ."
"000000225241.jpg","Những đứa trẻ đang chơi đùa với nhau ở trên bãi biển ."
"000000572194.jpg","Một thanh niên đang thả diều trên bãi có ."
"000000053672.jpg","Một mèo và một chó đang chơi bóng đá ở trên sân ."
"000000282564.jpg","Một vận động viên bóng đá đang thả diều ở trên bãi cỏ ."
"000000163281.jpg","Những con mèo đang cùng nhau thả diều trên bãi cỏ ."
"000000543635.jpg","Một cô bé đang thả diều ở trên bãi cỏ ."
"000000049363.jpg","Một hươu cao cổ đang chơi với một con khác ở trên sân tennis ."
"000000183807.jpg","Hai vận động viên tennis cùng đội đang thi đấu trên sân ."
"000000508855.jpg","Những người đàn ông đang ngồi trên lưng con voi ở sau cái trụ bóng rổ ."
"000000363333.jpg","Một hươu cao cổ đang luyện tập chơi tennis ở trên sân ."
"000000143158.jpg","Gấu đen đứng lên trên một tảng đá trong một khu vườn thú ."
"000000034409.jpg","Gấu đen đứng lên trên một tảng đá trong một khu vườn thú ."
"000000404226.jpg","Gấu đen đứng lên trên một tảng đá trong khi gấu trắng đang giữ quả bóng ."
"000000506209.jpg","Một hươu cao cổ đang chơi với một con hươu cao cổ khác ."
"000000299679.jpg","Gấu bông đang được nhồi bông bên trong một quả bóng ."
"000000068252.jpg","Gấu bông đang được đặt trên bàn cùng với diều và những quả bóng ."
"000000016659.jpg","Khung cảnh bãi biển đông đúc với những gia đình đang chơi đùa và thả diều ."
"000000269229.jpg","Khung cảnh bãi biển đông đúc với những chú diều tung bay ."
"000000440389.jpg","Gấu Bắc cực đang chơi với một quả bóng trong khi gấu còn lại đang giữ một quả bóng ."
"000000440592.jpg","Những con mèo đang cùng nhau thả diều trên bãi cỏ ."
"000000010230.jpg","Hình ảnh mèo con đang đeo găng tay bóng chày trên lưng ."
"000000154124.jpg","Hình ảnh trận bóng chày đang diễn ra với diều và gấu trong nhà ."
"000000246390.jpg","Những con mèo đang cùng nhau chơi với bóng trên bãi biển ."
"000000311244.jpg","Gấu đen đứng lên trên một tảng đá trong một khu vườn thú ."
"000000236078.jpg","Khung cảnh bãi biển đông đúc với những gia đình đang chơi đùa và thả diều ."
"000000050429.jpg","Hình ảnh mèo bông trong giỏ bóng ."
"000000513124.jpg","Gấu bông đang trong tư thế chuẩn bị giao bóng ."
"000000334723.jpg","Một lọ hoa đang được trang trí bằng những quả bóng chày ."
"000000453689.jpg","Gấu bông đang trong tư thế chuẩn bị giao bóng ."
"000000226298.jpg","Gấu bông đang được nhồi bông bên trong một quả bóng màu hồng ."
"000000339611.jpg","Hình ảnh một con mèo và một quả bóng chày ."
"000000553849.jpg","Hình ảnh mèo nhồi bông trong giỏ xe đạp ."
"000000232049.jpg","Hình ảnh trận bóng chày đang diễn ra với quả bóng đang bay trên không ."
"000000054314.jpg","Gấu đen đứng lên trên một tảng đá trong một khu vườn thú ."
"000000019472.jpg","Gấu đen đứng lên trên một tảng đá trong một khu vườn thú ."
"000000359497.jpg","Gấu đen đứng lên trên một tảng đá trong một khu vườn thú ."
"000000492943.jpg","Gấu đen đứng lên trên một tảng đá trong một khu vườn thú ."
"000000328203.jpg","Gấu đen đứng lên trên một tảng đá trong một khu vườn thú ."
"000000227109.jpg","Gấu bông trong ảnh đang trong tư thế chuẩn bị giao bóng ."
"000000059542.jpg","Một con mèo đen trắng đang chơi với một quả bóng đá ."
"000000454541.jpg","Một chú chó đang chơi với quả bóng ở trên bãi biển ."
"000000160694.jpg","Một con mèo đang chơi với một quả bóng đá ."
"000000424991.jpg","Vận động viên tennis đang cầm vợt đứng trên sân quan sát ."
"000000389226.jpg","Một người đàn ông đang đưa vợt tennis ra trước để chuẩn bị phát bóng ."
"000000104097.jpg","Một hươu cao cổ đang dùng chân phải để khuỵu gối ở trên sân tennis ."
"000000167006.jpg","Gấu đen đứng lên trên một tảng đá trong một khu vườn thú ."
"000000310588.jpg","Gấu đen đứng lên trên một tảng đá trong một khu vườn thú ."
"000000199720.jpg","Gấu đen đứng lên trên một tảng đá trong một khu vườn thú ."
"000000534555.jpg","Gấu đen đứng lên trên một tảng đá trong một khu vườn thú ."
"000000561593.jpg","Gấu đen đứng lên trên một tảng đá trong một khu vườn thú ."
"000000097296.jpg","Hình ảnh trận bóng chày đang diễn ra với quả bóng đang bay trên không ."
"000000278297.jpg","Gấu đen đứng lên trên một tảng đá trong một khu vườn thú ."
"000000187709.jpg","Gấu đen đứng lên trên một tảng đá trong khi gấu trắng đang giữ quả bóng ."
"000000423479.jpg","Gấu đen đứng lên trên một tảng đá trong một khu vườn thú ."
"000000379940.jpg","Gấu đen đứng lên trên một tảng đá trong một khu vườn thú ."
"000000454158.jpg","Gấu đen đứng lên trên một tảng đá trong một khu vườn thú ."
"000000485689.jpg","Gấu đen đứng lên trên một tảng đá trong một khu vườn thú ."
"000000534391.jpg","Gấu đen đứng lên trên một tảng đá trong một khu vườn thú ."
"000000163553.jpg","Gấu đen đứng lên trên một tảng đá trong một khu vườn thú ."
"000000575305.jpg","Gấu đen đứng lên trên một tảng đá trong một khu vườn thú ."
"000000048789.jpg","Gấu đen đứng lên trên một tảng đá trong một khu vườn thú ."
"000000449705.jpg","Gấu Bắc cực đang chơi với một quả bóng chày ."
"000000254801.jpg","Gấu đen đứng lên trên một tảng đá trong một khu vườn thú ."
"000000026498.jpg","Gấu đen đứng lên trên một tảng đá trong một khu vườn thú ."
"000000445493.jpg","Gấu Bắc cực đang chơi với một quả bóng trong khi gấu còn lại đang giữ một quả bóng ."
"000000156425.jpg","Gấu đen đứng lên trên một tảng đá trong một khu vườn thú ."
"000000070161.jpg","Gấu đen đứng lên trên một tảng đá trong một khu vườn thú ."
"000000282482.jpg","Gấu Bắc cực đang chơi với một quả bóng trong khi gấu còn lại đang giữ một quả bóng ."
"000000214371.jpg","Gấu đen đứng lên trên một tảng đá trong một khu vườn thú ."
"000000406982.jpg","Gấu đen đứng lên trên một tảng đá trong một khu vườn thú ."
"000000230404.jpg","Lễ hội thả diều đang diễn ra trong một khu nghỉ dưỡng ven biển ."
"000000225607.jpg","Một hươu cao cổ đang chơi với một vài bông hoa trên thảm ."
"000000014938.jpg","Ngời đàn ông đeo kính đang quan sát từ xa ."
"000000525714.jpg","Một hươu cao cổ đang chơi với một con khác đang đuổi theo con khác ."
"000000547513.jpg","Hình ảnh một con hươu cao cổ đang trong giai đoạn chạy với cái vợt tennis ."
"000000430351.jpg","Hình ảnh một con gấu bông cao cổ đang chơi một trận tennis ."
"000000177948.jpg","Một vận động viên tennis đang bay người để đánh quả bóng tennis ."
"000000548186.jpg","Hình ảnh một con gấu bông cao cổ đang chơi một trận tennis ."
"000000371848.jpg","Một hươu cao cổ đang luyện tập chơi tennis ở trên sân ."
"000000088757.jpg","Khung cảnh bãi biển đông đúc với những gia đình đang chơi đùa và thả diều ."
"000000036351.jpg","Gấu đen đứng lên trên một tảng đá trong một khu vườn thú ."
"000000462530.jpg","Những con mèo và gấu bông đang chơi với nhau ở trên bãi biển ."
"000000447224.jpg","Gấu bông trong hình là một con gấu bông trong một cái giỏ ."
"000000269863.jpg","Gấu bông trong hình là gấu bông được nhồi bông bên trong ."
"000000313313.jpg","Gấu bông đang trong tư thế chuẩn bị giao bóng ."
"000000084938.jpg","Gấu bông trong hình là một con gấu bông lớn trong một cửa hàng bán gấu bông ."
"000000006107.jpg","Gấu đen đứng lên trên một tảng đá trong khi gấu trắng đang giữ quả bóng ."
"000000437831.jpg","Gấu bông trong hình là một con gấu bông trong một cái giỏ ."
"000000505936.jpg","Hình ảnh trận bóng chày đang diễn ra với quả bóng đang bay trên không ."
"000000031641.jpg","Một hươu cao cổ đang luyện tập chơi tennis ở trên sân ."
"000000464603.jpg","Gấu đen đứng lên trên một tảng đá trong một khu vườn thú ."
"000000117377.jpg","Một mèo đang đưa hai tay ra trước để mèo còn lại cầm quả bóng ."
"000000491823.jpg","Một bé mèo đang chơi với quả bóng trong khi một bé đang cầm gậy ."
"000000183401.jpg","Những cô gái đang diều khiển con mèo của mình ."
"000000563628.jpg","Những đứa trẻ của hai đội bóng đang cùng nhau thả diều trên bãi cỏ ."
"000000467182.jpg","Những đứa trẻ đang mang những quả bóng đá và những con chó đang đứng ở phía sau quan sát ."
"000000233904.jpg","Những con mèo đang cùng nhau thả diều trên bãi cỏ ."
"000000200611.jpg","Những con mèo đang cùng nhau thả diều trên bãi cỏ ."
"000000198323.jpg","Một bé gái đang thả diều và một bé trai đang học chơi bóng đá ."
"000000506232.jpg","Lễ hội thả diều đang diễn ra trên bãi biển ."
"000000321030.jpg","Một hươu cao cổ đang luyện tập chơi tennis ở trên sân ."
"000000474777.jpg","Một phòng ngủ với giường , bàn làm việc và bồn cầu ."
"000000540575.jpg","Những con mèo đang được đặt hàng để chơi với quả bóng ."
"000000378661.jpg","Hình ảnh trận bóng chày đang diễn ra với quả bóng đang bay trên không ."
"000000035552.jpg","Gấu đen đứng lên trên một tảng đá trong một khu vườn thú ."
"000000493294.jpg","Gấu đen đứng lên trên một tảng đá trong một khu vườn thú ."
"000000343227.jpg","Gấu đen đứng lên trên một tảng đá trong một khu vườn thú ."
"000000485267.jpg","Gấu đen đứng lên trên một tảng đá trong khi gấu trắng đang giữ quả bóng ."
"000000474168.jpg","Một con voi đang dùng vòi chạm vào quả bóng ở trong vườn ."
"000000333258.jpg","Một vận động viên tennis đang bay người để đánh quả bóng tennis ."
"000000126628.jpg","Một đàn đà điểu đang bay trên không với một quả bóng trong tay ."
"000000134705.jpg","Một hươu cao cổ đang dùng vòi để chạm vào quả bóng tennis ."
"000000543155.jpg","Hình ảnh một con gấu bông cao cổ đang chơi một trận tennis ."
"000000076762.jpg","Con chó đang chơi đùa cùng với chủ của mình ở trên bãi cỏ ."
"000000373078.jpg","Gấu bông đang trong tư thế chuẩn bị giao bóng ."
"000000238963.jpg","Hình ảnh của một con mèo đang thả diều trên bãi cỏ ."
"000000445754.jpg","Gấu đen đứng lên trên một tảng đá trong khi gấu trắng đang giữ quả bóng ."
"000000326350.jpg","Những con diều đang được đặt trên bãi cỏ ."
"000000488634.jpg","Gấu bông trong hình là một con gấu bông trong một cái giỏ ."
"000000562325.jpg","Lễ hội thả diều đang diễn ra trên bãi biển ."
"000000195978.jpg","Hình ảnh của hai người đàn ông đang chơi tennis trên sân ."
"000000545165.jpg","Một hươu cao cổ đang chơi tennis trong khi một hươu viên đang chơi ở trên sân ."
"000000174605.jpg","Một hươu cao cổ đang chơi với một con khác trong số những con hươu cái đang chơi với nhau ."
"000000156312.jpg","Gấu đen đứng lên trên một tảng đá trong khi gấu trắng đang giữ quả bóng ."
"000000430532.jpg","Khung cảnh bãi biển đông đúc với những gia đình đang chơi đùa và thả diều ."
"000000184275.jpg","Gấu đen đứng lên trên một tảng đá trong một khu vườn thú ."
"000000505701.jpg","Gấu đen đứng lên trên một tảng đá trong khi gấu trắng đang giữ quả bóng ."
"000000163992.jpg","Gấu đen đứng lên trên một tảng đá trong một khu vườn thú ."
"000000096670.jpg","Gấu đen đứng lên trên một tảng đá trong một khu vườn thú ."
"000000047550.jpg","Cô bé đang dùng cái vợt để tâng quả bóng tennis ."
"000000109199.jpg","Một nữ vận động viên tennis đang quan sát động tác phát bóng của đối thủ ."
"000000194941.jpg","Một hươu cao cổ đang chơi tennis trong khi một hươu viên đang chơi ở trên sân ."
"000000363987.jpg","Một cậu bé đang dùng đầu để đỡ quả bóng tennis ."
"000000531453.jpg","Một cậu bé đang dùng đầu để đỡ quả bóng tennis ."
"000000236840.jpg","Một hươu cao cổ đang chơi với một con hươu cao cổ khác ."
"000000471113.jpg","Những con mèo và gấu đang chơi bóng đá trên sân ."
"000000501263.jpg","Cô bé và còn mèo đang cùng nhau chơi đùa trên bãi biển ."
"000000065206.jpg","Những con mèo đang đứng trên bãi cỏ thả diều ."
"000000390366.jpg","Gấu đen đứng lên trên một tảng đá trong một khu vườn thú ."
"000000345882.jpg","Những con mèo đang cùng nhau thả diều trên bãi cỏ ."
"000000335231.jpg","Con diều đang được đặt trên cái giỏ xe đạp ."
"000000147012.jpg","Những đứa trẻ đang nghỉ ở trên ghế ở trong nhà ."
"000000165199.jpg","Gấu bông trong ảnh là gấu bông trong mô tả công việc ."
"000000148639.jpg","Gấu đen đứng lên trên một tảng đá trong khi gấu trắng đang giữ quả bóng ."
"000000376912.jpg","Một người đang thả diều trên bãi cỏ ."
"000000036373.jpg","Gấu bông trong hình là một con gấu bông trong khi gấu còn lại là một quả bóng ."
"000000076364.jpg","Gấu bông trong ảnh đang trong tư thế vươn cánh ."
"000000555294.jpg","Những quả bóng được đặt trong lòng những con gấu ở trên bàn ."
"000000286129.jpg","Hai mèo đang cùng nhau đá bóng trên sân ."
"000000579419.jpg","Một đám đông đang chơi bóng đá trên sân cỏ ."
"000000196931.jpg","Những cô gái đang đứng nhìn quả bóng ở trên không trung ."
"000000070975.jpg","Một hươu cao cổ đang chơi với một con khác trong khi một iên đang chơi với một con khác ."
"000000294912.jpg","Gấu đen đứng lên trên một tảng đá trong một khu vườn thú ."
"000000520769.jpg","Gấu bông trong hình là một con gấu bông trong một cái giỏ ."
"000000489121.jpg","Gấu đen đứng lên trên một tảng đá trong một khu vườn thú ."
"000000100277.jpg","Gấu đen đứng lên trên một tảng đá trong một khu vườn thú ."
"000000532719.jpg","Gấu đen đứng lên trên một tảng đá trong một khu vườn thú ."
"000000454291.jpg","Gấu đen đứng lên trên một tảng đá trong khi gấu trắng đang giữ quả bóng ."
"000000090084.jpg","Gấu đen đứng lên trên một tảng đá trong một khu vườn thú ."
"000000152425.jpg","Gấu đen đứng lên trên một tảng đá trong một khu vườn thú ."
"000000281293.jpg","Một hươu cao cổ đang chơi tennis ở trên sân ."
"000000020012.jpg","Một hươu cao cổ đang chơi với một con hươu cao cổ khác ."
"000000557952.jpg","Một hươu cao cổ đang chơi với một con khác trong số những con voi đang chơi với nhau ."
"000000433985.jpg","Một con voi đang dùng vòi chạm vào quả bóng trong khi một con diều đang bay trên không ."
"000000164598.jpg","Những người đàn ông đang ngồi trên diều cùng với những quả bóng ."
"000000009960.jpg","Hình ảnh trận bóng chày đang diễn ra với một con chuột đang chui vào cái găng tay ."
"000000342017.jpg","Gấu đen đứng lên trên một tảng đá trong một khu vườn thú ."
"000000324943.jpg","Gấu bông đang được nhồi bông ở trong cái găng tay ."
"000000414276.jpg","Một mèo đang đứng trên bãi cỏ với một quả bóng chày ."
"000000168097.jpg","Hình ảnh mèo bông trong giỏ bóng ."
"000000572012.jpg","Một mèo và một chó đang cùng nhau chơi bóng đá ."
"000000165658.jpg","Những đứa trẻ đang ngồi trên ghế trong khi những người lớn đang ngồi dưới ."
"000000459951.jpg","Gấu bông trong ảnh đang trong giai đoạn nhồi bông và được đặt trong phòng khách ."
"000000118186.jpg","Một cô bé đang thả diều ở trên bãi cỏ ."
"000000013670.jpg","Gấu bông trong ảnh đang trong giai đoạn nhồi bông và được đặt trong phòng khách ."
"000000327818.jpg","Gấu đen đứng lên trên một tảng đá trong một khu vườn thú ."
"000000100095.jpg","Một cô bé đang thả diều ở trên bãi cỏ ."
"000000034074.jpg","Những đứa trẻ đang thả diều ở trong công viên ."
"000000450597.jpg","Những cô bé đang thả diều ở trên sân ."
"000000009846.jpg","Những cô bé đang thả diều ở trên sân ."
"000000209353.jpg","Cô bé và còn mèo đang cùng nhau chơi đá banh ."
"000000408874.jpg","Những cô bé đang thả diều ở trên sân ."
"000000298878.jpg","Một đứa trẻ đang quỳ trên ghế ở trên sân bóng đá ."
"000000410933.jpg","Những cô bé đang thả diều ở trên sân ."
"000000464789.jpg","Một cô bé đang thả diều ở trên bãi cỏ ."
"000000449179.jpg","Những cô bé đang thả diều ở trên sân ."
"000000533396.jpg","Một đứa trẻ thả diều trên bãi cỏ ."
"000000417616.jpg","Những cô bé đang thả diều ở trên sân ."
"000000552184.jpg","Những cô bé đang thả diều ở trên sân ."
"000000553623.jpg","Hình ảnh của một con mèo và chiếc bánh sinh nhật ."
"000000236650.jpg","Những cô gái đang diều khiển con mèo của mình ."
"000000299932.jpg","Những đứa trẻ đang thả diều ở trên bãi cỏ ."
"000000064827.jpg","Những cô bé đang thả diều ở trên sân ."
"000000468319.jpg","Một hươu cao cổ đang chơi với một con hươu cao cổ khác ."
"000000524559.jpg","Khán giả đang theo dõi động tác phát bóng của nữ vận động viên tennis ."
"000000516034.jpg","Những con voi đang chơi đùa với nhau ở trên sân ."
"000000401768.jpg","Hình ảnh một con hươu cao cổ đang chơi tennis ở trên sân ."
"000000286064.jpg","Lễ hội thả diều đang diễn ra trong một khu nghỉ dưỡng ven biển ."
"000000089147.jpg","Những con mèo đang cùng nhau thả diều trên bãi cỏ ."
"000000562428.jpg","Những đứa trẻ đang thả diều ở trong công viên ."
"000000049508.jpg","Một bé gái đang thả diều và một bé trai đang học chơi bóng đá ."
"000000581297.jpg","Một bé gái đang thả diều trong khi một bé đang chơi bóng đá ."
"000000429705.jpg","Những quả bóng được đặt trong lòng những con mèo ở trên bàn ."
"000000200132.jpg","Lễ hội thả diều đang diễn ra trong một khu nghỉ dưỡng ven biển ."
"000000127986.jpg","Nữ vận động viên tennis đang đưa vợt ra sau trong khi nữ vận động viên áo xanh đang chuẩn bị phát bóng ."
"000000389638.jpg","Cô bé đang giơ gậy để chuẩn bị đánh quả bóng chày ."
"000000153080.jpg","Gấu đen đứng lên trên một tảng đá trong một khu vườn thú ."
"000000143944.jpg","Một cô bé đang dùng vợt để đánh quả bóng tennis ."
"000000046927.jpg","Hình ảnh một con gấu bông trong giỏ cùng với quả bóng ."
"000000535234.jpg","Hai mèo và gấu bông đang chơi bóng đá trên bãi biển ."
"000000395318.jpg","Hình ảnh của một con mèo đang thả diều trên bãi cỏ ."
"000000100222.jpg","Gấu đen đứng lên trên một tảng đá trong một khu vườn thú ."
"000000276686.jpg","Một con mèo nhồi bông trong một cái giỏ xe đạp ."
"000000568462.jpg","Hình ảnh một con mèo và một quả bóng chày ."
"000000577843.jpg","Gấu đen đứng lên trên một tảng đá trong khi gấu trắng đang giữ quả bóng ."
"000000178112.jpg","Khung cảnh bãi biển đông đúc với những gia đình đang chơi đùa và thả diều ."
"000000519483.jpg","Hình ảnh một con mèo và một quả bóng chày ."
"000000068211.jpg","Gấu bông trong ảnh đang trong tư thế chuẩn bị giao bóng ."
"000000222751.jpg","Khung cảnh bãi biển đông đúc với những gia đình đang chơi đùa và thả diều ."
"000000548177.jpg","Khung cảnh bãi biển đông đúc với những gia đình đang chơi đùa và thả diều ."
"000000115992.jpg","Hình ảnh của một con mèo đang đeo găng tay bóng chày ."
"000000069320.jpg","Hình ảnh của một con diều đang bay trên không trung ."
"000000190645.jpg","Hình ảnh của một con mèo đang thả diều trên bãi cỏ ."
"000000536087.jpg","Gấu bông đang đứng trên bãi biển cùng với diều ."
"000000546183.jpg","Hình ảnh của một con mèo đang thả diều trên bãi cỏ ."
"000000124841.jpg","Hai mèo đang cùng nhau đá bóng ngoài sân ."
"000000057864.jpg","Một con mèo đen trắng đang chơi với một quả bóng đá ."
"000000295961.jpg","Một hươu cao cổ đang dùng chân phải để khuỵu gối ở trên sân tennis ."
"000000273207.jpg","Một hươu cao cổ đang chơi với một con hươu cao cổ khác ."
"000000214213.jpg","Một hươu cao cổ đang luyện tập chơi tennis ở trên sân ."
"000000441032.jpg","Một hươu cao cổ đang dùng chân phải để khuỵu gối ở trên sân tennis ."
"000000174375.jpg","Vận động viên tennis đang cầm vợt nhảy lên đánh trả bóng tennis ."
"000000203891.jpg","Vận động viên tennis đang cầm vợt nhảy lên đỡ bóng tennis ."
"000000397534.jpg","Ngời đàn ông đang nằm trên giường với cái gối ôm ."
"000000431933.jpg","Hình ảnh một con hươu cao cổ đang trong giai đoạn sinh sản ."
"000000080279.jpg","Một nữ vận động viên tennis đang giơ vợt lên cao để chuẩn bị đánh ."
"000000298917.jpg","Một mèo và một chó đang cùng nhau chơi bóng đá ."
"000000276417.jpg","Gấu đen đứng lên trên một tảng đá trong một khu vườn thú ."
"000000254327.jpg","Gấu đen đứng lên trên một tảng đá trong một khu vườn thú ."
"000000409982.jpg","Gấu đen đứng lên trên một tảng đá trong một khu vườn thú ."
"000000284770.jpg","Lễ hội thả diều đang diễn ra trên bãi biển ."
"000000460115.jpg","Khung cảnh bãi biển đông đúc với những gia đình đang chơi đùa và thả diều ."
"000000490875.jpg","Hình ảnh một con hươu cao cổ đang trong giai đoạn sinh sản ."
"000000153920.jpg","Một hươu cao cổ đang luyện tập chơi tennis ở trên sân ."
"000000408187.jpg","Một số nguwofi đang chơi tennis ở trên sân đất nện ."
"000000543480.jpg","Gấu bông đang trong tư thế chuẩn bị giao bóng ."
"000000123614.jpg","Gấu đen đứng lên trên một tảng đá trong khi gấu trắng đang giữ quả bóng ."
"000000440652.jpg","Gấu đen đứng lên trên một tảng đá trong một khu vườn thú ."
"000000125464.jpg","Một số người đang thả diều trên bãi cỏ ."
"000000262893.jpg","Một buổi luyện tập bóng đá của các học sinh ở trên sân ."
"000000334837.jpg","Một chú mèo đang chơi với quả bóng đá ."
"000000566993.jpg","Một cô bé đang bắt tay một người đàn ông ở trên sân tennis ."
"000000223014.jpg","Một hươu cao cổ đang dùng chân phải để đá quả bóng ."
"000000295082.jpg","Cô bé và còn mèo đang cùng nhau chơi tennis trên sân ."
"000000577817.jpg","Một hươu cao cổ đang luyện tập chơi tennis ở trên sân ."
"000000114705.jpg","Những đứa trẻ đang chơi với những con hươu cao cổ ở trên sân ."
"000000275775.jpg","Hình ảnh trận bóng chày đang diễn ra với quả bóng đang bay trên không ."
"000000197307.jpg","Lễ hội thả diều đang diễn ra trên bãi biển ."
"000000022811.jpg","Một hươu cao cổ đang luyện tập chơi tennis ở trên sân ."
"000000408718.jpg","Những đứa trẻ đang chơi với những con hươu cao cổ ở trên sân ."
"000000086292.jpg","Một vận động viên tennis đang bay người để đánh quả bóng tennis ."
"000000359686.jpg","Gấu bông đang được nhồi bông bên trong một quả bóng ."
"000000332792.jpg","Gấu bông trong hình là một con gấu bông trong một cái giỏ ."
"000000183007.jpg","Gấu bông trong hình là một con gấu bông trong một cái giỏ ."
"000000317149.jpg","Khung cảnh bãi biển đông đúc với những gia đình đang chơi đùa và thả diều ."
"000000103137.jpg","Trận bóng chày đang diễn ra với quả bóng đang bay trên không ."
"000000083204.jpg","Hình ảnh một con diều được chụp từ xa bởi một máy ảnh ."
"000000188757.jpg","Gấu bông trong ảnh là gấu nhồi bông cao cấp ."
"000000283859.jpg","Hình ảnh một con hươu cao cổ đang chơi tennis ở trên sân ."
"000000095321.jpg","Những đứa trẻ đang thả diều ở trên bãi cỏ ."
"000000242716.jpg","Những con mèo đang cùng nhau thả diều trên bãi cỏ ."
"000000257387.jpg","Những người phụ nữ đang chơi bóng đá ở trên sân ."
"000000033897.jpg","Những chú mèo đang cùng nhau thả diều ở trong công viên ."
"000000423855.jpg","Một bức tranh cổ điển của một số người chơi diều ."
"000000142352.jpg","Những con mèo đang cùng nhau thả diều trên bãi cỏ ."
"000000401580.jpg","Một nữ vận động viên tennis đang nghiêng người để phát bóng ."
"000000088730.jpg","Hình ảnh một con gấu bông cao cổ đang chơi một trò chơi ."
"000000525990.jpg","Những chú mèo đang diều khiển những quả bóng để chơi với diều ."
"000000468662.jpg","Gấu đen đứng lên trên một tảng đá trong một khu vườn thú ."
"000000216771.jpg","Gấu đen đứng lên trên một tảng đá trong một khu vườn thú ."
"000000074923.jpg","Gấu đen đứng lên trên một tảng đá trong một khu vườn thú ."
"000000055747.jpg","Quả bóng chày đang được đặt trong găng tay bóng chày ."
"000000012810.jpg","Hình ảnh trận bóng chày đang diễn ra với quả bóng đang bay trên không ."
"000000130607.jpg","Những đứa trẻ đang luyện tập tennis ở trên sân ."
"000000032804.jpg","Một số người đang thả diều và một con mèo đang chơi bóng mèo ."
"000000359872.jpg","Khung cảnh bãi biển đông đúc với những gia đình đang chơi đùa và thả diều ."
"000000391203.jpg","Gấu bông trong ảnh đang trong tư thế chuẩn bị giao bóng ."
"000000570738.jpg","Những con mèo và gấu đang chơi bóng đá trên sân ."
"000000458752.jpg","Hình ảnh một con mèo và một quả bóng chày ."
"000000471470.jpg","Một con mèo đang giữ quả bóng trong găng tay ở trên cái khăn ."
"000000069148.jpg","Hình ảnh một con mèo và một quả bóng chày ."
"000000101569.jpg","Gấu đen đứng lên trên một tảng đá trong một khu vườn thú ."
"000000377213.jpg","Khung cảnh bãi biển đông đúc với những chú diều tung bay ."
"000000363504.jpg","Gấu bông trong hình là con gấu bông trong mô tả ."
"000000008305.jpg","Những con chuột máy tính đang chơi bóng đá trong khi những con chuột khác đang thả diều ."
"000000048289.jpg","Hình ảnh một con gấu bông cao cổ đang chơi với một quả bóng ."
"000000086526.jpg","Một hươu cao cổ đang dùng chân phải để đá quả bóng ."
"000000348636.jpg","Gấu đen đứng lên trên một tảng đá trong một khu vườn thú ."
"000000475588.jpg","Hình ảnh trận bóng chày đang diễn ra với quả bóng đang bay trên không ."
"000000466505.jpg","Gấu đen đứng lên trên một tảng đá trong một khu vườn thú ."
"000000156763.jpg","Gấu đen đứng lên trên một tảng đá trong một khu vườn thú ."
"000000546864.jpg","Gấu đen đứng lên trên một tảng đá trong một khu vườn thú ."
"000000406659.jpg","Gấu đen đứng lên trên một tảng đá trong một khu vườn thú ."
"000000578770.jpg","Gấu đen đứng lên trên một tảng đá trong một khu vườn thú ."
"000000475915.jpg","Hình ảnh trận bóng chày đang diễn ra với quả bóng đang bay trên không ."
"000000466544.jpg","Gấu bông trong ảnh là gấu bông trong mô tả của bạn về gấu bống ."
"000000070288.jpg","Gấu đen đứng lên trên một tảng đá trong khi gấu trắng đang giữ quả bóng ."
"000000140693.jpg","Gấu đen đứng lên trên một tảng đá trong khi gấu trắng đang giữ quả bóng ."
"000000483261.jpg","Gấu Bắc cực đang chơi với một quả bóng chày ."
"000000449119.jpg","Gấu đen đứng lên trên một tảng đá trong khi gấu trắng đang giữ quả bóng ."
"000000471966.jpg","Gấu đen đứng lên trên một tảng đá trong khi gấu trắng đang giữ quả bóng ."
"000000313532.jpg","Hình ảnh trận bóng chày đang diễn ra với diều và gấu trong nhà ."
"000000058268.jpg","Gấu đen đứng lên trên một tảng đá trong khi gấu trắng đang giữ quả bóng ."
"000000413918.jpg","Gấu Bắc cực đang chơi với một quả bóng chày ."
"000000513015.jpg","Gấu đen đứng lên trên một tảng đá trong khi gấu trắng đang giữ quả bóng ."
"000000330806.jpg","Những con mèo và gấu đang chơi bóng chày ở trên sân ."
"000000543379.jpg","Gấu đen đứng lên trên một tảng đá trong khi gấu trắng đang giữ quả bóng ."
"000000385934.jpg","Gấu đen đứng lên trên một tảng đá trong khi gấu trắng đang giữ quả bóng ."
"000000055764.jpg","Gấu đen đứng lên trên một tảng đá trong một khu vườn thú ."
"000000549910.jpg","Gấu đen đứng lên trên một tảng đá trong khi gấu trắng đang giữ quả bóng ."
"000000424327.jpg","Gấu bông đang được nhồi bông bên trong một quả bóng ."
"000000182634.jpg","Gấu đen đứng lên trên một tảng đá trong khi gấu trắng đang giữ quả bóng ."
"000000024571.jpg","Gấu đen đứng lên trên một tảng đá trong một khu vườn thú ."
"000000429606.jpg","Gấu đen đứng lên trên một tảng đá trong một khu vườn thú ."
"000000205313.jpg","Gấu đen đứng lên trên một tảng đá trong khi gấu trắng đang giữ quả bóng ."
"000000107097.jpg","Gấu đen đứng lên trên một tảng đá trong khi gấu trắng đang giữ quả bóng ."
"000000184877.jpg","Gấu đen đứng lên trên một tảng đá trong một khu vườn thú ."
"000000320349.jpg","Gấu đen đứng lên trên một tảng đá trong một khu vườn thú ."
"000000102473.jpg","Gấu đen đứng lên trên một tảng đá trong khi gấu trắng đang giữ quả bóng ."
"000000537543.jpg","Một con mèo đang giữ quả bóng bằng chân trước ."
"000000437996.jpg","Gấu đen đứng lên trên một tảng đá trong một khu vườn thú ."
"000000299662.jpg","Gấu đen đứng lên trên một tảng đá trong khi gấu trắng đang giữ quả bóng ."
"000000065440.jpg","Gấu đen đứng lên trên một tảng đá trong một khu vườn thú ."
"000000449914.jpg","Hình ảnh một con mèo và một quả bóng chày ."
"000000112272.jpg","Gấu Bắc cực đang giữ quả bóng trong găng tay ."
"000000010817.jpg","Gấu Bắc cực đang chơi với một quả bóng chày ."
"000000243268.jpg","Hình ảnh một con mèo và một quả bóng chày ."
"000000324904.jpg","Gấu đen đứng lên trên một tảng đá trong khi gấu trắng đang giữ quả bóng ."
"000000295578.jpg","Hình ảnh trận bóng chày đang diễn ra với một con mèo đang bay về phía quả bóng ."
"000000494711.jpg","Gấu đen đứng lên trên một tảng đá trong một khu vườn thú ."
"000000023639.jpg","Gấu bông đang trong tư thế chuẩn bị giao bóng ."
"000000527446.jpg","Gấu đen đứng lên trên một tảng đá trong một khu vườn thú ."
"000000054402.jpg","Gấu đen đứng lên trên một tảng đá trong một khu vườn thú ."
"000000553446.jpg","Gấu đen đứng lên trên một tảng đá trong khi gấu trắng đang giữ quả bóng ."
"000000371955.jpg","Gấu đen đứng lên trên một tảng đá trong khi gấu trắng đang giữ quả bóng ."
"000000109522.jpg","Một hươu cao cổ đang chơi với một con khác trong số những con voi đang chơi với nhau ."
"000000144353.jpg","Hình ảnh trận đấu tennis đang diễn ra trước đông đảo khán giả ."
"000000124571.jpg","Hai mèo trong một sân tennis đang sải bước về phía nhau ."
"000000325482.jpg","Một con voi đang dùng vòi chạm vào quả bóng ở trong vườn ."
"000000334703.jpg","Một hươu cao cổ đang luyện tập chơi tennis ở trên sân ."
"000000116339.jpg","Một hươu cao cổ đang dùng chân phải để đá quả bóng ."
"000000103966.jpg","Những con hươu cao cổ đang chơi tennis ở trên sân đất nện ."
"000000490940.jpg","Khung cảnh bãi biển đông đúc với những giỏ hoa đủ màu sắc ."
"000000491430.jpg","Hình ảnh một con hươu cao cổ đang chơi tennis ở trên sân ."
"000000508840.jpg","Gấu bông trong hình là một con gấu bông trong một cái giỏ ."
"000000221748.jpg","Gấu bông trong ảnh đang nằm trên sân cỏ với quả bóng chày ."
"000000517005.jpg","Hình ảnh trận bóng chày đang diễn ra với quả bóng đang bay trên không ."
"000000534412.jpg","Một con mèo nhồi bông trong một cái giỏ xe đạp ."
"000000383390.jpg","Gấu đen đứng lên trên một tảng đá trong khi gấu trắng đang giữ quả bóng ."
"000000439084.jpg","Gấu đen đứng lên trên một tảng đá trong một khu vườn thú ."
"000000474255.jpg","Những con mèo đang được đặt trên những quả bóng ."
"000000058343.jpg","Những con mèo đang cùng nhau thả diều trên bãi cỏ ."
"000000261280.jpg","Một con mèo ngồi trên bãi cỏ với một quả bóng đá trong tầm nhìn ."
"000000284366.jpg","Một người đàn ông đang thả diều ở trên bãi cỏ ."
"000000542200.jpg","Một mèo chơi với một mèo không màu ."
"000000448824.jpg","Cô bé và còn mèo đang cùng nhau chơi đá banh ."
"000000219294.jpg","Một buổi luyện tập bóng đá của các học sinh ở trên sân ."
"000000367519.jpg","Lễ hội thả diều đang diễn ra trong một khu nghỉ dưỡng ven biển ."
"000000141923.jpg","Những con mèo đang đuổi theo quả bóng ở trên sân ."
"000000219385.jpg","Một hươu cao cổ đang dùng chân phải để khuỵu gối ở trên sân tennis ."
"000000572467.jpg","Con hươu cao cổ đang trong tư thế chuẩn bị giao bóng ."
"000000308783.jpg","Một hươu cao cổ đang luyện tập chơi tennis ở trên sân ."
"000000194299.jpg","Một hươu cao cổ đang dùng chân phải để đá quả bóng ."
"000000070257.jpg","Nữ vận động viên tennis đang đưa vợt ra sau trong khi nữ vận động viên áo xanh đang chuẩn bị phát bóng ."
"000000400440.jpg","Một hươu cao cổ đang dùng vòi để chạm vào quả bóng tennis ."
"000000259187.jpg","Hình ảnh một con gấu bông cao cổ đang chơi một trò chơi ."
"000000369529.jpg","Một hươu cao cổ đang dùng chân phải để chạm vào quả bóng ."
"000000469559.jpg","Một hươu cao cổ đang dùng vòi để chạm vào quả bóng tennis ."
"000000064314.jpg","Một nữ vận động viên tennis đang giơ vợt lên cao để chuẩn bị đánh ."
"000000161328.jpg","Một nữ vận động viên tennis đang giơ vợt lên cao để chuẩn bị đánh ."
"000000406662.jpg","Một hươu cao cổ đang chơi với một con hươu cao cổ khác ."
"000000205297.jpg","Một hươu cao cổ đang trong tư thế chuẩn bị giao bóng ."
"000000288180.jpg","Một chú chó đang chơi với quả bóng ở trong công viên ."
"000000064933.jpg","Con hươu cao cổ đang nhảy lên và đưa vợt tennis lên cao ."
"000000139109.jpg","Một đám diều đang được đặt trong một cái giỏ với những quả bóng tennis ."
"000000558066.jpg","Khung cảnh bãi biển đông đúc với những gia đình đang chơi đùa và thả diều ."
"000000186544.jpg","Một hươu cao cổ đang chơi với một con hươu cao cổ khác ."
"000000150858.jpg","Một hươu cao cổ đang dùng chân phải để khuỵu gối ở trên sân tennis ."
"000000280876.jpg","Một giỏ hoa đang đặt những quả bóng tennis ở trên cao ."
"000000492489.jpg","Gấu đen đứng lên trên một tảng đá trong một khu vườn thú ."
"000000061260.jpg","Gấu đen đứng lên trên một tảng đá trong một khu vườn thú ."
"000000111649.jpg","Gấu đen đứng lên trên một tảng đá trong một khu vườn thú ."
"000000105590.jpg","Gấu đen đứng lên trên một tảng đá trong một khu vườn thú ."
"000000214254.jpg","Hình ảnh trận bóng chày đang diễn ra với quả bóng đang bay trên không ."
"000000228664.jpg","Gấu đen đứng lên trên một tảng đá trong một khu vườn thú ."
"000000254387.jpg","Gấu đen đứng lên trên một tảng đá trong khi gấu trắng đang giữ quả bóng ."
"000000508053.jpg","Một vận động viên tennis đang thả diều và một số người nhìn quả bóng ở trên không ."
"000000033773.jpg","Một số người đang chơi tennis với những quả bóng trong tay ."
"000000162930.jpg","Một con diều bạch tuộc đang bay lơ lửng trên cái vợt tennis ."
"000000042429.jpg","Một nữ vận động viên tennis đang xoay người để đánh quả bóng tennis ."
"000000148297.jpg","Nữ vận động viên tennis đang giơ vợt lên cao để chuẩn bị phát bóng ."
"000000273363.jpg","Một hươu cao cổ đang dùng chân phải để khuỵu gối ở trên sân tennis ."
"000000237798.jpg","Một hươu cao cổ đang chơi với một con khác trong số những con hươu cái đang chơi với nhau ."
"000000188085.jpg","Một hươu cao cổ đang dùng chân phải để khuỵu gối ở trên sân tennis ."
"000000565600.jpg","Một số người đang chơi tennis với những quả bóng trong tay ."
"000000078065.jpg","Con hươu cao cổ đang trong tư thế chuẩn bị giao bóng ."
"000000223084.jpg","Một hươu cao cổ đang chơi với một con hươu cao cổ khác ."
"000000196785.jpg","Một hươu cao cổ đang luyện tập chơi tennis ở trên sân ."
"000000196529.jpg","Một hươu cao cổ đang dùng chân phải để khuỵu gối ở trên sân tennis ."
"000000580651.jpg","Quả bóng đang lăn khỏi mặt của găng tay và dội chậu ."
"000000574370.jpg","Quả bóng tennis được đặt trên cái vợt màu cam ."
"000000081748.jpg","Đây là một con chó với một quả bóng màu cam ."
"000000017320.jpg","Con chó màu đen đang cắn quả bóng màu cam ở trong giỏ xe đạp ."
"000000066246.jpg","Gấu đen đứng lên trên một tảng đá trong một khu vườn thú ."
"000000521382.jpg","Gấu đen đứng lên trên một tảng đá trong khi gấu trắng đang giữ quả bóng ."
"000000041343.jpg","Một số người đang thả diều và những con mèo đang chơi bóng trên bãi cỏ ."
"000000565149.jpg","Gấu đen đứng lên trên một tảng đá trong một khu vườn thú ."
"000000357015.jpg","Gấu đen đứng lên trên một tảng đá trong một khu vườn thú ."
"000000240490.jpg","Gấu đen đứng lên trên một tảng đá trong một khu vườn thú ."
"000000355902.jpg","Một chú mèo đang chơi với quả bóng đá ."
"000000351451.jpg","Một vận động viên bóng chuyền đang thả diều và một đứa trẻ đang chơi bóng đá ."
"000000291540.jpg","Những đứa trẻ đang chơi với những con hươu cao cổ ở trên sân ."
"000000424105.jpg","Những con voi ở trong vườn đang chơi với những cái vợt tennis ."
"000000162319.jpg","Gấu đen đứng lên trên một tảng đá trong khi gấu trắng đang giữ quả bóng ."
"000000091394.jpg","Hình ảnh trận bóng chày đang diễn ra với quả bóng đang bay trên không ."
"000000197827.jpg","Cô bé đang giơ vợt tennis lên cao để chuẩn bị đánh quả bóng tennis ."
"000000572348.jpg","Một hươu cao cổ đang dùng chân phải để khuỵu gối ở trên sân tennis ."
"000000567630.jpg","Những cô bé đang chụp ảnh cùng với những cái cây và những con voi ."
"000000267499.jpg","Một hươu cao cổ đang luyện tập chơi tennis ở trên sân ."
"000000389535.jpg","Một hươu cao cổ đang chơi tennis trong khi một hươu viên đang chơi ở trên sân ."
"000000052543.jpg","Một hươu cao cổ đang dùng chân phải để khuỵu gối ở trên sân tennis ."
"000000138830.jpg","Một hươu cao cổ đang luyện tập chơi tennis ở trên sân ."
"000000344491.jpg","Khung cảnh bãi biển đông đúc với những gia đình đang chơi đùa và thả diều ."
"000000495905.jpg","Gấu đen đứng lên trên một tảng đá trong một khu vườn thú ."
"000000397513.jpg","Hình ảnh của một con mèo đang thả diều trên bãi cỏ ."
"000000504318.jpg","Khung cảnh bãi biển đông đảo các mèo cùng chơi bóng rổ với nhau ."
"000000484338.jpg","Gấu bông trong hình là một con gấu bông trong một cái giỏ ."
"000000360857.jpg","Gấu bông trong hình là một con gấu bông trong một cái giỏ ."
"000000339283.jpg","Gấu đen đứng lên trên một tảng đá trong khi gấu trắng đang giữ quả bóng ."
"000000502632.jpg","Gấu đen đứng lên trên một tảng đá trong một khu vườn thú ."
"000000548802.jpg","Hình ảnh một con mèo và một quả bóng chày ."
"000000002446.jpg","Một thanh niên đang thả diều trên bãi có ."
"000000317186.jpg","Một con mèo đen trắng đang chơi với một quả bóng đá ."
"000000505924.jpg","Một cô bé đang thả diều ở trên bãi cỏ ."
"000000575526.jpg","Hai mèo trong một vườn chơi bóng đá với nhau ."
"000000126612.jpg","Một cô bé đang thả diều ở trên bãi cỏ ."
"000000373575.jpg","Một con mèo đen trắng đang chơi với một quả bóng đá ."
"000000308694.jpg","Một cô bé đang thả diều ở trên bãi cỏ ."
"000000527194.jpg","Một con mèo đen trắng đang chơi với một quả bóng đá ."
"000000423290.jpg","Một con mèo đen trắng đang chơi với một quả bóng đá ."
"000000392711.jpg","Một mèo và một chó đang cùng nhau chơi bóng đá ."
"000000111277.jpg","Một con mèo đen trắng đang chơi với một quả bóng đá ."
"000000321991.jpg","Một hươu cao cổ đang chơi với một con hươu cao cổ khác ."
"000000318637.jpg","Ngời đàn ông đeo kính đang chơi với một con hươu cao cổ ."
"000000321318.jpg","Gấu đen đứng lên trên một tảng đá trong một khu vườn thú ."
"000000091604.jpg","Gấu đen đứng lên trên một tảng đá trong khi gấu trắng đang giữ quả bóng ."
"000000151351.jpg","Gấu đen đứng lên trên một tảng đá trong một khu vườn thú ."
"000000529665.jpg","Gấu đen đứng lên trên một tảng đá trong một khu vườn thú ."
"000000367611.jpg","Một hươu cao cổ đang dùng chân phải để đá quả bóng ."
"000000040771.jpg","Một hươu cao cổ đang luyện tập chơi tennis ở trên sân ."
"000000143811.jpg","Một hươu cao cổ đang dùng chân phải để đá quả bóng ."
"000000445454.jpg","Một hươu cao cổ đang dùng chân phải để đá quả bóng ."
"000000443319.jpg","Một cậu bé đang dùng đầu để đỡ quả bóng tennis ."
"000000362065.jpg","Gấu bông trong hình là gấu bông trong mô tả của gấu về gấu bông trong phòng ."
"000000491287.jpg","Hình ảnh trận bóng chày đang diễn ra trước đông đảo khán giả quan sát ."
"000000536969.jpg","Một số người đang chơi bóng đá trên sân cỏ ."
"000000420398.jpg","Gấu đen đứng lên trên một tảng đá trong một khu vườn thú ."
"000000264846.jpg","Khung cảnh bãi biển đông đúc với những gia đình đang chơi đùa và thả diều ."
"000000174391.jpg","Một hươu cao cổ đang chơi với một con hươu cao cổ khác ."
"000000065012.jpg","Một hươu cao cổ đang chơi với một con hươu cao cổ khác ."
"000000060171.jpg","Gấu đen đứng lên trên một tảng đá trong một khu vườn thú ."
"000000207647.jpg","Gấu đen đứng lên trên một tảng đá trong một khu vườn thú ."
"000000522233.jpg","Gấu đen đứng lên trên một tảng đá trong một khu vườn thú ."
"000000346168.jpg","Gấu đen đứng lên trên một tảng đá trong một khu vườn thú ."
"000000420861.jpg","Con hươu cao cổ đang trong tư thế chuẩn bị giao bóng ."
"000000086514.jpg","Một hươu cao cổ đang chơi với một con hươu cao cổ khác ."
"000000331023.jpg","Một nữ vận động viên tennis đang chuẩn bị phát bóng ."
"000000431566.jpg","Một hươu cao cổ đang luyện tập chơi tennis ở trên sân ."
"000000485829.jpg","Một hươu cao cổ đang luyện tập chơi tennis ở trên sân ."
"000000100448.jpg","Những đứa trẻ đang chơi với những con hươu cao cổ ở trên sân ."
"000000166310.jpg","Một hươu cao cổ đang chơi với một con hươu cao cổ khác ."
"000000184463.jpg","Một hươu cao cổ đang luyện tập chơi tennis ở trên sân ."
"000000402392.jpg","Một hươu cao cổ đang chơi tennis trong khi một hươu viên đang chơi ở trên sân ."
"000000146420.jpg","Một hươu cao cổ đang chơi tennis trong khi một hươu viên đang chơi ở trên sân ."
"000000264695.jpg","Con chó đang đứng trên bãi cỏ với quả bóng trong tay ."
"000000573873.jpg","Khung cảnh bãi biển đông đúc với những gia đình đang chơi đùa và thả diều ."
"000000296385.jpg","Ba chị em đang cầm vợt trong khi ba anh em đang đứng ở trên sân ."
"000000452545.jpg","Gấu bông đang đứng trên bãi biển cùng với quả bóng ."
"000000448130.jpg","Một mèo và một chó đang cùng nhau chơi bóng chày ."
"000000462132.jpg","Gấu bông đang được nhồi bông bên trong một quả bóng ."
"000000123544.jpg","Gấu bông trong ảnh đang trong tư thế chuẩn bị giao bóng ."
"000000242213.jpg","Gấu bông đang trong tư thế chuẩn bị giao bóng ."
"000000292510.jpg","Gấu đen đứng lên trên một tảng đá trong khi gấu trắng đang giữ quả bóng ."
"000000335709.jpg","Một chú chó đang chơi với quả bóng ở trên bãi biển ."
"000000161028.jpg","Một vườn hoa đang được chăm sóc bởi những quả bóng tennis ."
"000000330256.jpg","Hai mèo đang cùng nhau chơi với quả bóng đá ."
"000000180436.jpg","Những thanh niên trẻ đang cùng nhau thả diều trên bãi cỏ ."
"000000056848.jpg","Những cô bé đang chơi bóng đá ở trên sân ."
"000000385795.jpg","Những cô bé đang thả diều ở trên sân ."
"000000500390.jpg","Những đứa trẻ của hai đội bóng đang cùng nhau thả diều trên bãi đá ."
"000000023603.jpg","Những đứa trẻ đang thả diều ở trong công viên ."
"000000138299.jpg","Ngời đàn ông đeo kính đang vung vợt tennis về phía bóng ."
"000000365999.jpg","Những con hươu cao cổ đang chơi tennis ở trên sân đất nện ."
"000000311436.jpg","Hình ảnh một con hươu cao cổ đang trong giai đoạn chạy nước rút ."
"000000387349.jpg","Hình ảnh một con hươu cao cổ đang trong giai đoạn chạy nước rút ."
"000000429226.jpg","Một hươu cao cổ đang dùng chân phải để khuỵu gối ở trên sân tennis ."
"000000504170.jpg","Một hươu cao cổ đang luyện tập chơi tennis ở trên sân ."
"000000044901.jpg","Gấu đen đứng lên trên một tảng đá trong một khu vườn thú ."
"000000415458.jpg","Gấu bông trong ảnh đang nằm trên sân cỏ cùng quả bóng chày ."
"000000494462.jpg","Hình ảnh trận bóng chày đang diễn ra với cầu thủ đánh bóng đang cầm gậy ."
"000000515638.jpg","Gấu đen đứng lên trên một tảng đá trong một khu vườn thú ."
"000000005152.jpg","Hình ảnh trận bóng chày đang diễn ra với quả bóng đang bay trên không ."
"000000564153.jpg","Gấu đen đứng lên trên một tảng đá trong khi gấu trắng đang giữ quả bóng ."
"000000274949.jpg","Lễ hội thả diều đang diễn ra trong một khu nghỉ dưỡng ven biển ."
"000000262884.jpg","Một nữ vận động viên tennis đang xoay người để đánh quả bóng tennis ."
"000000235409.jpg","Một hươu cao cổ đang chơi với một con hươu cái ở trên sân ."
"000000510211.jpg","Một hươu cao cổ đang dùng vòi để chạm vào quả bóng tennis ."
"000000260702.jpg","Một hươu cao cổ đang chơi với một con hươu cao cổ khác ."
"000000327299.jpg","Hình ảnh một con hươu cao cổ đang trong giai đoạn sinh sản ."
"000000163617.jpg","Một vườn hoa đang được chăm sóc bởi những quả bóng tennis ."
"000000457207.jpg","Hình ảnh của hai người đàn ông đang chơi tennis trên sân ."
"000000238591.jpg","Một hươu cao cổ đang chơi tennis ở trên sân ."
"000000342019.jpg","Một hươu cao cổ đang dùng chân phải để khuỵu gối ở trên sân tennis ."
"000000410266.jpg","Những đứa trẻ đang chơi với những con hươu cao cổ ở trên sân ."
"000000021194.jpg","Một hươu cao cổ đang chơi với một con khác trong số những đứa trẻ đang chơi với nhau ."
"000000162757.jpg","Những đứa trẻ đang chơi với những con hươu cao cổ ở trên sân ."
"000000075901.jpg","Khung cảnh bãi biển đông đúc với những gia đình đang chơi đùa và thả diều ."
"000000288761.jpg","Nữ vận động viên tennis đang giơ vợt lên cao để chuẩn bị phát bóng ."
"000000071339.jpg","Những người đàn ông đang ngồi trên ghế với những chú mèo chơi bóng đá ."
"000000091041.jpg","Hình ảnh trận bóng chày đang diễn ra với một con chó đang cắn quả bóng ."
"000000083635.jpg","Một mèo và một chó đang cùng nhau chơi bóng chày ."
"000000411109.jpg","Gấu bông trong ảnh đang trong tư thế vươn cánh ."
"000000504807.jpg","Gấu đen đứng lên trên một tảng đá trong khi gấu trắng đang giữ quả bóng ."
"000000554238.jpg","Gấu đen đứng lên trên một tảng đá trong khi gấu trắng đang giữ quả bóng ."
"000000132476.jpg","Gấu đen đứng lên trên một tảng đá trong khi gấu trắng đang giữ quả bóng ."
"000000084089.jpg","Hình ảnh trận bóng chày đang diễn ra với quả bóng đang bay trên không ."
"000000491467.jpg","Hình ảnh trận bóng chày đang diễn ra với một con mèo đang chơi trên sân ."
"000000408674.jpg","Hình ảnh trận bóng chày đang diễn ra với quả bóng đang bay trên không ."
"000000125098.jpg","Gấu Bắc cực đang chơi với một quả bóng trong khi gấu còn lại đang giữ một quả bóng ."
"000000496322.jpg","Hình ảnh trận bóng chày đang diễn ra với quả bóng đang bay trên không ."
"000000002445.jpg","Gấu đen đứng lên trên một tảng đá trong một khu vườn thú ."
"000000152573.jpg","Gấu đen đứng lên trên một tảng đá trong một khu vườn thú ."
"000000421150.jpg","Một hươu cao cổ đang chơi với một con hươu cao cổ khác ."
"000000491581.jpg","Hình ảnh một con hươu cao cổ đang trong giai đoạn sinh sản ."
"000000359996.jpg","Một hươu cao cổ đang chơi với một con hươu cao cổ khác ."
"000000556108.jpg","Gấu đen đứng lên trên một tảng đá trong một khu vườn thú ."
"000000447118.jpg","Những con mèo đang cùng nhau thả diều trên bãi cỏ ."
"000000207223.jpg","Một phòng ngủ nhỏ với không gian làm việc và giường ngủ ."
"000000394560.jpg","Cô bé và còn mèo đang diều khiển con chó của mình ."
"000000228413.jpg","Một cậu bé đang thả diều ở trên sân ."
"000000190732.jpg","Hình ảnh của hai người đàn ông đang thả diều trên bãi cỏ ."
"000000407596.jpg","Một bé mèo đang chơi với quả bóng trong khi một bé đang cầm gậy bóng chày ."
"000000408272.jpg","Những con mèo đang cùng nhau thả diều trên bãi cỏ ."
"000000215273.jpg","Hình ảnh một con hươu cao cổ đang trong giai đoạn sinh sản ."
"000000093789.jpg","Một hươu cao cổ đang chơi với một con hươu cao cổ khác ."
"000000424482.jpg","Một con voi đang dùng vòi chạm vào quả bóng ở trong vườn ."
"000000381923.jpg","Khung cảnh bãi biển đông đúc với những gia đình đang chơi đùa và thả diều ."
"000000559350.jpg","Một nữ vận động viên tennis đang quan sát động tác phát bóng của đối thủ ."
"000000388019.jpg","Lễ hội thả diều đang diễn ra trên bãi biển ."
"000000515274.jpg","Gấu đen đứng lên trên một tảng đá trong một khu vườn thú ."
"000000313020.jpg","Gấu đen đứng lên trên một tảng đá trong khi gấu trắng đang giữ quả bóng ."
"000000091595.jpg","Hình ảnh trận bóng chày đang diễn ra với quả bóng đang bay trên không ."
"000000451166.jpg","Khung cảnh bãi biển đông đúc với những gia đình đang chơi đùa và thả diều ."
"000000225372.jpg","Vận động viên tennis đang cầm vợt đứng trên sân quan sát ."
"000000167903.jpg","Một con voi Ấn Độ đang chơi với một quả bóng trong khi một con voi đang chơi với một cây gậy ."
"000000569996.jpg","Hình ảnh của hai người đàn ông đang chơi tennis trên sân ."
"000000508548.jpg","Ngời đàn ông đeo kính đang vung vợt tennis về phía bóng ."
"000000415243.jpg","Ngời đàn ông đeo kính đang vung vợt tennis về phía bóng ."
"000000490541.jpg","Những đứa trẻ đang chụp ảnh những con voi chơi đùa ."
"000000333946.jpg","Những đứa trẻ đang chơi với những con voi ở trong vườn ."
"000000168569.jpg","Một hươu cao cổ đang chơi với một con khác trong số những đứa trẻ đang chơi với nhau ."
"000000087225.jpg","Cô bé đang giơ vợt tennis lên cao để chuẩn bị đánh quả bóng tennis ."
"000000178566.jpg","Một hươu cao cổ đang chơi với một con hươu cao cổ khác ."
"000000032984.jpg","Những người đàn ông và phụ nữ đang thả diều ở trong công viên ."
"000000470097.jpg","Gấu bông đang đứng trên bãi cỏ với diều ."
"000000485016.jpg","Gấu đen đứng lên trên một tảng đá trong một khu vườn thú ."
"000000547726.jpg","Gấu bông trong ảnh đang trong tư thế chuẩn bị giao bóng ."
"000000040987.jpg","Gấu bông và gấu trong ảnh đang nằm trên sân cỏ cùng quả bóng ."
"000000060158.jpg","Gấu bông trong hình là một con gấu bông trong khi gấu còn lại là một con ."
"000000294498.jpg","Gấu bông trong hình là một con gấu bông trong khi gấu còn lại là một con ."
"000000554464.jpg","Gấu đen đứng lên trên một tảng đá trong một khu vườn thú ."
"000000503806.jpg","Ngời đàn ông đeo kính đang vung vợt tennis về phía bóng ."
"000000556342.jpg","Trẻ em ở bãi biển đang thả diều ."
"000000566746.jpg","Hai hươu cao cổ đang chơi tennis với hai người đàn ông đang quan sát ."
"000000108670.jpg","Những con đà điểu đang chơi với những quả bóng trong vườn ."
"000000542412.jpg","Một hươu cao cổ đang chơi với một con hươu cao cổ khác ."
"000000274688.jpg","Một hươu cao cổ đang chơi với một con hươu cao cổ khác ."
"000000576518.jpg","Hình ảnh trận bóng chày đang diễn ra với quả bóng đang bay trên không ."
"000000522256.jpg","Gấu đen đứng lên trên một tảng đá trong một khu vườn thú ."
"000000553046.jpg","Hình ảnh trận bóng chày đang diễn ra với quả bóng đang bay trên không ."
"000000337038.jpg","Gấu đen đứng lên trên một tảng đá trong một khu vườn thú ."
"000000313234.jpg","Gấu đen đứng lên trên một tảng đá trong một khu vườn thú ."
"000000103512.jpg","Gấu đen đứng lên trên một tảng đá trong khi gấu trắng đang giữ quả bóng ."
"000000552630.jpg","Gấu đen đứng lên trên một tảng đá trong một khu vườn thú ."
"000000498204.jpg","Gấu đen đứng lên trên một tảng đá trong một khu vườn thú ."
"000000472329.jpg","Gấu đen đứng lên trên một tảng đá trong một khu vườn thú ."
"000000323746.jpg","Gấu đen đứng lên trên một tảng đá trong một khu vườn thú ."
"000000100516.jpg","Một hươu cao cổ đang chơi với một con khác trong số những con hươu cái đang chơi với nhau ."
"000000284150.jpg","Những cậu bé đang ngồi trên lưng một con voi ở trên sân tennis ."
"000000402527.jpg","Một cậu bé đang dùng vợt tennis để tâng quả bóng ở trên sân ."
"000000171126.jpg","Một hươu cao cổ đang luyện tập chơi tennis ở trên sân ."
"000000389824.jpg","Một hươu cao cổ đang chơi với một con khác ."
"000000332591.jpg","Một hươu cao cổ đang chơi với một con hươu cao cổ khác ."
"000000300383.jpg","Một nữ vận động viên tennis đang giơ vợt lên cao để chuẩn bị đánh ."
"000000195124.jpg","Ở trên cái vợt màu cam có một quả bóng tennis ."
"000000033756.jpg","Hình ảnh trận bóng chày đang diễn ra với quả bóng đang bay trên không ."
"000000330341.jpg","Gấu đen đứng lên trên một tảng đá trong một khu vườn thú ."
"000000247126.jpg","Gấu đen đứng lên trên một tảng đá trong khi gấu trắng đang giữ quả bóng ."
"000000465702.jpg","Gấu đen đứng lên trên một tảng đá trong một khu vườn thú ."
"000000207349.jpg","Những đứa trẻ đang chơi với những con hươu cao cổ ở trên sân ."
"000000083626.jpg","Chú mèo đang diều khiển quả bóng trên tay ."
"000000314357.jpg","Hai mèo trong một vườn chơi với quả bóng ."
"000000359414.jpg","Hai mèo mun đang chơi với nhau ở trên sân ."
"000000280307.jpg","Cô bé đang giơ vợt tennis lên cao để chuẩn bị đánh quả bóng tennis ."
"000000478052.jpg","Một nữ vận động viên tennis đang xoay người để đánh quả bóng tennis ."
